dataset,baseline_f1_05,baseline_best_f1,baseline_best_thr,temperature,temp_scaled_f1_05,temp_scaled_best_f1,temp_scaled_best_thr,thr_sweep_best_thr,thr_sweep_best_f1
cluster,0.7709497206703911,0.7709497206703911,0.5,1.352705955505371,0.7709497206703911,0.7709497206703911,0.5,0.4900000000000002,0.7709497206703911
top,0.8044692737430167,0.8044692737430167,0.5,1.3161073923110962,0.8044692737430167,0.8044692737430167,0.5,0.5000000000000002,0.8044692737430167
