dataset,metric,spearman_like_rank_corr
myval_masked,f1_at_0_5,-0.5797710356524484
myval_masked,best_f1,-0.46381682852195877
myval_masked,prob_mean,0.8116794499134279
testlike_cluster_v1,f1_at_0_5,0.5217939320872036
testlike_cluster_v1,best_f1,0.08827348295047495
testlike_cluster_v1,prob_mean,0.6377481392176932
testlike_top_v1,f1_at_0_5,0.057977103565244846
testlike_top_v1,best_f1,0.057977103565244846
testlike_top_v1,prob_mean,-0.23190841426097938
