run,checkpoint,known_test_f1,known_myval_f1_from_docs,note,best_f1__myval_masked,best_f1__testlike_cluster_v1,best_f1__testlike_top_v1,best_threshold__myval_masked,best_threshold__testlike_cluster_v1,best_threshold__testlike_top_v1,f1_at_0_5__myval_masked,f1_at_0_5__testlike_cluster_v1,f1_at_0_5__testlike_top_v1,pos_pred_at_0_5__myval_masked,pos_pred_at_0_5__testlike_cluster_v1,pos_pred_at_0_5__testlike_top_v1,prob_mean__myval_masked,prob_mean__testlike_cluster_v1,prob_mean__testlike_top_v1
soup_reduced_notstone,train/outputs/myval_v13_hi288_seed42_soup/soup.pt,0.71962,0.7251,current SOTA: soup + reduced not-stone post-process,0.7251461988304094,0.9705882352941178,0.972972972972973,0.53662109375,0.81640625,0.89794921875,0.7230320699708456,0.9640287769784173,0.9498806682577566,197,215,219,0.58935546875,0.53564453125,0.5419921875
soup_old_notstone,train/outputs/myval_v13_hi288_seed42_soup/soup.pt,0.69856,0.7251,"same checkpoint, old aggressive not-stone post-process",0.7251461988304094,0.9705882352941178,0.972972972972973,0.53662109375,0.81640625,0.89794921875,0.7230320699708456,0.9640287769784173,0.9498806682577566,197,215,219,0.58935546875,0.53564453125,0.5419921875
mytest_augment_soup,train/outputs/mytest_augment_v2/soup_top3.pt,0.67021,0.7688,"mytest merged into train, top-3 soup",0.7735849056603774,0.9852941176470588,0.9851485148514851,0.51904296875,0.8056640625,0.9189453125,0.76875,0.9757281553398057,0.9683698296836982,174,210,211,0.53076171875,0.5263671875,0.53125
mytest_split_protocol,train/outputs/mytest_v1_s42/best.pt,0.65979,0.7321,mytest train+val protocol,0.7461773700305812,0.9852941176470588,0.975609756097561,0.5771484375,0.77197265625,0.75732421875,0.7278106508875739,0.964200477326969,0.954653937947494,192,217,219,0.56494140625,0.54248046875,0.54931640625
splitval_augment_soup,train/outputs/splitval_augment_v1/soup_top3.pt,0.63212,0.7446,"mytest merged, internal split validation, top-3 soup",0.7539936102236421,0.9751243781094527,0.9801980198019802,0.62744140625,0.9169921875,0.935546875,0.7423312883435583,0.963680387409201,0.9567307692307692,180,211,216,0.53466796875,0.52294921875,0.53564453125
mytest_pretrain_finetune,train/outputs/mytest_pretrain_finetune_v2/best.pt,0.55214,0.7358,supervised mytest pretrain then original-data finetune,0.7346938775510203,0.9162561576354681,0.9507389162561576,0.55078125,0.429443359375,0.68408203125,0.7333333333333334,0.9104477611940299,0.9448441247002398,154,200,217,0.483154296875,0.4970703125,0.546875
